title,company,location,link
Tableau Developer (Entry/Junior),Remedy Analytics,"Milwaukee, WI",https://stackoverflow.com/jobs/313120
Full Stack Developer,woundtech,"Hyderabad, India",https://stackoverflow.com/jobs/379889
SRE,ビットバンク株式会社,"Shinagawa City, Japan",https://stackoverflow.com/jobs/334234
フロントエンドエンジニア,ビットバンク株式会社,"Shinagawa City, Japan",https://stackoverflow.com/jobs/334225
フルスタックエンジニア,WHILL株式会社,"Chiyoda City, Japan",https://stackoverflow.com/jobs/379790
Senior IOS Engineer - Cairo - Egypt,Vezeeta,"Masr Al Jadidah, Egypt",https://stackoverflow.com/jobs/378235
サーバーサイドエンジニア,ビットバンク株式会社,"Shinagawa City, Japan",https://stackoverflow.com/jobs/332267
Java / Spring Software Engineer (m/f/d),Mimacom,"Stuttgart, Germany",https://stackoverflow.com/jobs/363192
Spennende stilling som frontend-utvikler!,Storebrand,"Lysaker, Norway",https://stackoverflow.com/jobs/354383
Desenvolvedor (a) Back-end Java,B2W Digital,"Saúde, Brazil",https://stackoverflow.com/jobs/277237
AWSエンジニア,ビットバンク株式会社,"Shinagawa City, Japan",https://stackoverflow.com/jobs/328240
PHP Programmer,Crow’s Nest,"Kolkata, India",https://stackoverflow.com/jobs/326994
Senior Backend Developer,Boehringer Ingelheim,"Ingelheim am Rhein, Germany",https://stackoverflow.com/jobs/342279
Senior PHP Developer,SimpliSafe,"Boston, MA",https://stackoverflow.com/jobs/350956
QA Leader,ビットバンク株式会社,"Shinagawa City, Japan",https://stackoverflow.com/jobs/338827
Desenvolvedor (a) Back-end RJ,B2W Digital,"Saúde, Brazil",https://stackoverflow.com/jobs/274227
Software Architect (m/w/n),Mimacom A.G.,"Stuttgart, Germany",https://stackoverflow.com/jobs/363184
Full-Stack Engineer,Mimacom A.G.,"Bern, Schweiz",https://stackoverflow.com/jobs/363064
Desenvolvedor (a) Back-end (Java ou Golang) Sênior,B2W Digital,"Saúde, Brazil",https://stackoverflow.com/jobs/282066
Java / Spring Engineer,Mimacom A.G.,"Zürich, Schweiz",https://stackoverflow.com/jobs/362613
DevOps Engineer (m/w/d),Mimacom,"Stuttgart, Germany",https://stackoverflow.com/jobs/372989
Senior Rust WebGL Developer,Luna,"Kraków, Poland",https://stackoverflow.com/jobs/296070
.NET Back-End Software Developer,Suzy,"New York, NY",https://stackoverflow.com/jobs/371841
Full Stack Developer,NBITS,"Hyderabad, India",https://stackoverflow.com/jobs/326789
Full Stack Developer,Freelancer Venkatapavankumar Adidamu,"Hyderabad, India",https://stackoverflow.com/jobs/372889
